Workbook
Name AreaList: Lists!$G$4:$G$53
Name ForemanList: Lists!$I$4:$I$53
Name JobTypeList: Lists!$E$4:$E$53
Name LinemanList: Lists!$A$4:$A$53

Sheet Read_Me
A1: Trouble Ticket Validation Dashboard – V3
A3: What changed in V3?
A4: 1. Added a safe Ticket_Input_Form sheet so users only type in blue input cells.
A5: 2. Added master lists so linemen, foremen, job types, and areas can be added or deleted in one place.
A6: 3. Protected calculation sheets so formulas and dashboards are harder to break.
A7: 4. Added validation checks for missing fields, invalid hours, outlier hours, and unknown names.
A8: 5. Added revenue risk estimates so data quality issues are tied to business impact.
A11: How to use
A12: • Update names on the Lists sheet if people change.
A13: • Use Ticket_Input_Form as a safe front-end, then copy values into the next blank row on Form_Raw_Data.
A14: • Or type directly into blue cells on Form_Raw_Data rows 2:501.
A15: • Do not edit Clean_Data, Validation_Checks, or Dashboard; they update automatically.
... A20: Modeled after a real-world workflow where the General Foreman entered hours through a Google Form and admins had to fix downstream issues.

Sheet Lists
A1: Master Lists (edit here to add/delete names, foremen, jobs, and areas)
A3: Lineman_Name | B3: Status | C3: Notes | E3: Job_Type | G3: Area | I3: General_Foreman
A4: MIKE | B4: ACTIVE | E4: Repair | G4: Zone A | I4: ADAMS
A5: JOHN | B5: ACTIVE | E5: Install | G5: Zone B | I5: RIVERA
A6: SARAH | B6: ACTIVE | E6: Safety | G6: Zone C | I6: BLAKE
A7: CHRIS | B7: ACTIVE | E7: Maintenance | G7: Zone D | I7: NGUYEN
A8: ANNA | B8: ACTIVE | E8: Trouble Ticket | G8: Underground
G9: Overhead
A54: Tip: | B54: Add a new person in column A, or delete a person row if they leave. Areas are ticket-based, so you do not need to tie a lineman to one area.

Sheet Ticket_Input_Form
A1: Ticket Input Form (safe entry page)
A3: Only blue cells are editable. Copy finished values into the next blank row on Form_Raw_Data.
H4: Quick Validation
A5: Ticket_ID | C5: TT011 | H5: Missing required field | J5: =IF(OR(C5="",C6="",C7="",C8="",C9="",C10="",C11=""),"CHECK","OK") -> CHECK
A6: Date | C6: 46086 | H6: Unknown lineman | J6: =IF(C7="","CHECK",IF(COUNTIF(Lists!$A$4:$A$53,C7)>0,"OK","CHECK")) -> CHECK
A7: Lineman_Name | H7: Unknown foreman | J7: =IF(C8="","CHECK",IF(COUNTIF(Lists!$I$4:$I$53,C8)>0,"OK","CHECK")) -> CHECK
A8: General_Foreman | H8: Invalid hours | J8: =IF(C10="","CHECK",IF(AND(ISNUMBER(C10),C10>=0,C10<=24),"OK","CHECK")) -> CHECK
A9: Job_Type | H9: Hours outlier (>16) | J9: =IF(AND(ISNUMBER(C10),C10>16),"REVIEW","OK") -> OK
A10: Hours_Worked | H10: Form status | J10: =IF(COUNTIF(J5:J8,"CHECK")>0,"NEEDS REVIEW",IF(J9="REVIEW","REVIEW","READY")) -> NEEDS REVIEW
A11: Area | H11: Tip | I11: Because linemen change areas, area is entered per ticket and not hardcoded to a person.
A12: Notes

Sheet Form_Raw_Data
A1: Form Raw Data (enter only in blue cells)
A2: Tip: Rows 4:501 are open for entry. Only columns A:H are editable.
A3: Ticket_ID | B3: Date | C3: Lineman_Name | D3: General_Foreman | E3: Job_Type | F3: Hours_Worked | G3: Area | H3: Notes | I3: Entry_Status | J3: Row_Check
A4: TT001 | B4: 46082 | C4: MIKE | D4: ADAMS | E4: Repair | F4: 8 | G4: Zone A | H4: - | I4: =IF(A4="","",IF(OR(B4="",C4="",D4="",E4="",F4="",G4=""),"MISSING FIELD","ENTERED")) -> ENTERED | J4: =IF(A4="","",IF(OR(F4="",NOT(ISNUMBER(F4))),"CHECK HOURS",IF(F4>16,"REVIEW","OK"))) -> OK
A5: TT002 | B5: 46082 | C5: mike | D5: ADAMS | E5: Repair | F5: 10 | G5: Zone A | H5: - | I5: =IF(A5="","",IF(OR(B5="",C5="",D5="",E5="",F5="",G5=""),"MISSING FIELD","ENTERED")) -> ENTERED | J5: =IF(A5="","",IF(OR(F5="",NOT(ISNUMBER(F5))),"CHECK HOURS",IF(F5>16,"REVIEW","OK"))) -> OK
A6: TT003 | B6: 46082 | C6: MIKE | D6: RIVERA | E6: Install | F6: 12 | G6: Zone B | H6: - | I6: =IF(A6="","",IF(OR(B6="",C6="",D6="",E6="",F6="",G6=""),"MISSING FIELD","ENTERED")) -> ENTERED | J6: =IF(A6="","",IF(OR(F6="",NOT(ISNUMBER(F6))),"CHECK HOURS",IF(F6>16,"REVIEW","OK"))) -> OK
A7: TT004 | B7: 46083 | C7: SARAH | D7: ADAMS | E7: Repair | G7: Zone B | H7: Missing hours | I7: =IF(A7="","",IF(OR(B7="",C7="",D7="",E7="",F7="",G7=""),"MISSING FIELD","ENTERED")) -> MISSING FIELD | J7: =IF(A7="","",IF(OR(F7="",NOT(ISNUMBER(F7))),"CHECK HOURS",IF(F7>16,"REVIEW","OK"))) -> CHECK HOURS
A8: TT005 | B8: 46083 | C8: JOHN | D8: RIVERA | E8: Repair | F8: 25 | G8: Zone C | H8: Too high | I8: =IF(A8="","",IF(OR(B8="",C8="",D8="",E8="",F8="",G8=""),"MISSING FIELD","ENTERED")) -> ENTERED | J8: =IF(A8="","",IF(OR(F8="",NOT(ISNUMBER(F8))),"CHECK HOURS",IF(F8>16,"REVIEW","OK"))) -> REVIEW
A9: TT006 | B9: 46083 | D9: ADAMS | E9: Safety | F9: 6 | G9: Zone A | H9: Missing name | I9: =IF(A9="","",IF(OR(B9="",C9="",D9="",E9="",F9="",G9=""),"MISSING FIELD","ENTERED")) -> MISSING FIELD | J9: =IF(A9="","",IF(OR(F9="",NOT(ISNUMBER(F9))),"CHECK HOURS",IF(F9>16,"REVIEW","OK"))) -> OK
A10: TT007 | B10: 46084 | C10: CHRIS | D10: ADAMS | F10: 8 | G10: Zone B | H10: Missing job type | I10: =IF(A10="","",IF(OR(B10="",C10="",D10="",E10="",F10="",G10=""),"MISSING FIELD","ENTERED")) -> MISSING FIELD | J10: =IF(A10="","",IF(OR(F10="",NOT(ISNUMBER(F10))),"CHECK HOURS",IF(F10>16,"REVIEW","OK"))) -> OK
A11: TT008 | B11: 46084 | C11: CHRIS | D11: ADAMS | E11: Repair | F11: eight | G11: Zone B | H11: Text hours | I11: =IF(A11="","",IF(OR(B11="",C11="",D11="",E11="",F11="",G11=""),"MISSING FIELD","ENTERED")) -> ENTERED | J11: =IF(A11="","",IF(OR(F11="",NOT(ISNUMBER(F11))),"CHECK HOURS",IF(F11>16,"REVIEW","OK"))) -> CHECK HOURS
A12: TT009 | B12: 46085 | C12: TONY | D12: BLAKE | E12: Trouble Ticket | F12: 7 | G12: Zone C | H12: Unknown lineman | I12: =IF(A12="","",IF(OR(B12="",C12="",D12="",E12="",F12="",G12=""),"MISSING FIELD","ENTERED")) -> ENTERED | J12: =IF(A12="","",IF(OR(F12="",NOT(ISNUMBER(F12))),"CHECK HOURS",IF(F12>16,"REVIEW","OK"))) -> OK
A13: TT010 | B13: 46085 | C13: ANNA | E13: Install | F13: 9 | G13: Zone D | H13: Missing foreman | I13: =IF(A13="","",IF(OR(B13="",C13="",D13="",E13="",F13="",G13=""),"MISSING FIELD","ENTERED")) -> MISSING FIELD | J13: =IF(A13="","",IF(OR(F13="",NOT(ISNUMBER(F13))),"CHECK HOURS",IF(F13>16,"REVIEW","OK"))) -> OK
I14: =IF(A14="","",IF(OR(B14="",C14="",D14="",E14="",F14="",G14=""),"MISSING FIELD","ENTERED")) | J14: =IF(A14="","",IF(OR(F14="",NOT(ISNUMBER(F14))),"CHECK HOURS",IF(F14>16,"REVIEW","OK")))
I15: =IF(A15="","",IF(OR(B15="",C15="",D15="",E15="",F15="",G15=""),"MISSING FIELD","ENTERED")) | J15: =IF(A15="","",IF(OR(F15="",NOT(ISNUMBER(F15))),"CHECK HOURS",IF(F15>16,"REVIEW","OK")))
I16: =IF(A16="","",IF(OR(B16="",C16="",D16="",E16="",F16="",G16=""),"MISSING FIELD","ENTERED")) | J16: =IF(A16="","",IF(OR(F16="",NOT(ISNUMBER(F16))),"CHECK HOURS",IF(F16>16,"REVIEW","OK")))
I17: =IF(A17="","",IF(OR(B17="",C17="",D17="",E17="",F17="",G17=""),"MISSING FIELD","ENTERED")) | J17: =IF(A17="","",IF(OR(F17="",NOT(ISNUMBER(F17))),"CHECK HOURS",IF(F17>16,"REVIEW","OK")))
I18: =IF(A18="","",IF(OR(B18="",C18="",D18="",E18="",F18="",G18=""),"MISSING FIELD","ENTERED")) | J18: =IF(A18="","",IF(OR(F18="",NOT(ISNUMBER(F18))),"CHECK HOURS",IF(F18>16,"REVIEW","OK")))
I19: =IF(A19="","",IF(OR(B19="",C19="",D19="",E19="",F19="",G19=""),"MISSING FIELD","ENTERED")) | J19: =IF(A19="","",IF(OR(F19="",NOT(ISNUMBER(F19))),"CHECK HOURS",IF(F19>16,"REVIEW","OK")))
I20: =IF(A20="","",IF(OR(B20="",C20="",D20="",E20="",F20="",G20=""),"MISSING FIELD","ENTERED")) | J20: =IF(A20="","",IF(OR(F20="",NOT(ISNUMBER(F20))),"CHECK HOURS",IF(F20>16,"REVIEW","OK")))
I21: =IF(A21="","",IF(OR(B21="",C21="",D21="",E21="",F21="",G21=""),"MISSING FIELD","ENTERED")) | J21: =IF(A21="","",IF(OR(F21="",NOT(ISNUMBER(F21))),"CHECK HOURS",IF(F21>16,"REVIEW","OK")))
I22: =IF(A22="","",IF(OR(B22="",C22="",D22="",E22="",F22="",G22=""),"MISSING FIELD","ENTERED")) | J22: =IF(A22="","",IF(OR(F22="",NOT(ISNUMBER(F22))),"CHECK HOURS",IF(F22>16,"REVIEW","OK")))
I23: =IF(A23="","",IF(OR(B23="",C23="",D23="",E23="",F23="",G23=""),"MISSING FIELD","ENTERED")) | J23: =IF(A23="","",IF(OR(F23="",NOT(ISNUMBER(F23))),"CHECK HOURS",IF(F23>16,"REVIEW","OK")))
I24: =IF(A24="","",IF(OR(B24="",C24="",D24="",E24="",F24="",G24=""),"MISSING FIELD","ENTERED")) | J24: =IF(A24="","",IF(OR(F24="",NOT(ISNUMBER(F24))),"CHECK HOURS",IF(F24>16,"REVIEW","OK")))
I25: =IF(A25="","",IF(OR(B25="",C25="",D25="",E25="",F25="",G25=""),"MISSING FIELD","ENTERED")) | J25: =IF(A25="","",IF(OR(F25="",NOT(ISNUMBER(F25))),"CHECK HOURS",IF(F25>16,"REVIEW","OK")))
... I501: =IF(A501="","",IF(OR(B501="",C501="",D501="",E501="",F501="",G501=""),"MISSING FIELD","ENTERED")) | J501: =IF(A501="","",IF(OR(F501="",NOT(ISNUMBER(F501))),"CHECK HOURS",IF(F501>16,"REVIEW","OK")))

Sheet Clean_Data
A1: Clean Data (auto-updating)
A3: Ticket_ID | B3: Date | C3: Clean_Name | D3: Clean_Foreman | E3: Job_Type | F3: Hours_Worked | G3: Valid_Hours | H3: Area | I3: Error_Flag | J3: Name_Exists | K3: Foreman_Exists
A4: =IF(Form_Raw_Data!A4="","",Form_Raw_Data!A4) -> TT001 | B4: =IF(A4="","",Form_Raw_Data!B4) -> 46082 | C4: =IF(A4="","",UPPER(TRIM(Form_Raw_Data!C4))) -> MIKE | D4: =IF(A4="","",UPPER(TRIM(Form_Raw_Data!D4))) -> ADAMS | E4: =IF(A4="","",TRIM(Form_Raw_Data!E4)) -> Repair | F4: =IF(A4="","",IF(Form_Raw_Data!F4="","",Form_Raw_Data!F4&"")) -> 8 | G4: =IF(A4="","",IF(ISNUMBER(Form_Raw_Data!F4),IF(AND(Form_Raw_Data!F4>=0,Form_Raw_Data!F4<=24),Form_Raw_Data!F4,""),"")) -> 8 | H4: =IF(A4="","",TRIM(Form_Raw_Data!G4)) -> Zone A | I4: =IF(A4="","",IF(OR(C4="",D4="",E4="",H4="",G4=""),"ERROR","OK")) -> OK | J4: =IF(A4="","",IF(COUNTIF(Lists!$A$4:$A$53,C4)>0,"YES","NO")) -> YES | K4: =IF(A4="","",IF(COUNTIF(Lists!$I$4:$I$53,D4)>0,"YES","NO")) -> YES
A5: =IF(Form_Raw_Data!A5="","",Form_Raw_Data!A5) -> TT002 | B5: =IF(A5="","",Form_Raw_Data!B5) -> 46082 | C5: =IF(A5="","",UPPER(TRIM(Form_Raw_Data!C5))) -> MIKE | D5: =IF(A5="","",UPPER(TRIM(Form_Raw_Data!D5))) -> ADAMS | E5: =IF(A5="","",TRIM(Form_Raw_Data!E5)) -> Repair | F5: =IF(A5="","",IF(Form_Raw_Data!F5="","",Form_Raw_Data!F5&"")) -> 10 | G5: =IF(A5="","",IF(ISNUMBER(Form_Raw_Data!F5),IF(AND(Form_Raw_Data!F5>=0,Form_Raw_Data!F5<=24),Form_Raw_Data!F5,""),"")) -> 10 | H5: =IF(A5="","",TRIM(Form_Raw_Data!G5)) -> Zone A | I5: =IF(A5="","",IF(OR(C5="",D5="",E5="",H5="",G5=""),"ERROR","OK")) -> OK | J5: =IF(A5="","",IF(COUNTIF(Lists!$A$4:$A$53,C5)>0,"YES","NO")) -> YES | K5: =IF(A5="","",IF(COUNTIF(Lists!$I$4:$I$53,D5)>0,"YES","NO")) -> YES
A6: =IF(Form_Raw_Data!A6="","",Form_Raw_Data!A6) -> TT003 | B6: =IF(A6="","",Form_Raw_Data!B6) -> 46082 | C6: =IF(A6="","",UPPER(TRIM(Form_Raw_Data!C6))) -> MIKE | D6: =IF(A6="","",UPPER(TRIM(Form_Raw_Data!D6))) -> RIVERA | E6: =IF(A6="","",TRIM(Form_Raw_Data!E6)) -> Install | F6: =IF(A6="","",IF(Form_Raw_Data!F6="","",Form_Raw_Data!F6&"")) -> 12 | G6: =IF(A6="","",IF(ISNUMBER(Form_Raw_Data!F6),IF(AND(Form_Raw_Data!F6>=0,Form_Raw_Data!F6<=24),Form_Raw_Data!F6,""),"")) -> 12 | H6: =IF(A6="","",TRIM(Form_Raw_Data!G6)) -> Zone B | I6: =IF(A6="","",IF(OR(C6="",D6="",E6="",H6="",G6=""),"ERROR","OK")) -> OK | J6: =IF(A6="","",IF(COUNTIF(Lists!$A$4:$A$53,C6)>0,"YES","NO")) -> YES | K6: =IF(A6="","",IF(COUNTIF(Lists!$I$4:$I$53,D6)>0,"YES","NO")) -> YES
A7: =IF(Form_Raw_Data!A7="","",Form_Raw_Data!A7) -> TT004 | B7: =IF(A7="","",Form_Raw_Data!B7) -> 46083 | C7: =IF(A7="","",UPPER(TRIM(Form_Raw_Data!C7))) -> SARAH | D7: =IF(A7="","",UPPER(TRIM(Form_Raw_Data!D7))) -> ADAMS | E7: =IF(A7="","",TRIM(Form_Raw_Data!E7)) -> Repair | F7: =IF(A7="","",IF(Form_Raw_Data!F7="","",Form_Raw_Data!F7&"")) | G7: =IF(A7="","",IF(ISNUMBER(Form_Raw_Data!F7),IF(AND(Form_Raw_Data!F7>=0,Form_Raw_Data!F7<=24),Form_Raw_Data!F7,""),"")) | H7: =IF(A7="","",TRIM(Form_Raw_Data!G7)) -> Zone B | I7: =IF(A7="","",IF(OR(C7="",D7="",E7="",H7="",G7=""),"ERROR","OK")) -> ERROR | J7: =IF(A7="","",IF(COUNTIF(Lists!$A$4:$A$53,C7)>0,"YES","NO")) -> YES | K7: =IF(A7="","",IF(COUNTIF(Lists!$I$4:$I$53,D7)>0,"YES","NO")) -> YES
A8: =IF(Form_Raw_Data!A8="","",Form_Raw_Data!A8) -> TT005 | B8: =IF(A8="","",Form_Raw_Data!B8) -> 46083 | C8: =IF(A8="","",UPPER(TRIM(Form_Raw_Data!C8))) -> JOHN | D8: =IF(A8="","",UPPER(TRIM(Form_Raw_Data!D8))) -> RIVERA | E8: =IF(A8="","",TRIM(Form_Raw_Data!E8)) -> Repair | F8: =IF(A8="","",IF(Form_Raw_Data!F8="","",Form_Raw_Data!F8&"")) -> 25 | G8: =IF(A8="","",IF(ISNUMBER(Form_Raw_Data!F8),IF(AND(Form_Raw_Data!F8>=0,Form_Raw_Data!F8<=24),Form_Raw_Data!F8,""),"")) | H8: =IF(A8="","",TRIM(Form_Raw_Data!G8)) -> Zone C | I8: =IF(A8="","",IF(OR(C8="",D8="",E8="",H8="",G8=""),"ERROR","OK")) -> ERROR | J8: =IF(A8="","",IF(COUNTIF(Lists!$A$4:$A$53,C8)>0,"YES","NO")) -> YES | K8: =IF(A8="","",IF(COUNTIF(Lists!$I$4:$I$53,D8)>0,"YES","NO")) -> YES
A9: =IF(Form_Raw_Data!A9="","",Form_Raw_Data!A9) -> TT006 | B9: =IF(A9="","",Form_Raw_Data!B9) -> 46083 | C9: =IF(A9="","",UPPER(TRIM(Form_Raw_Data!C9))) | D9: =IF(A9="","",UPPER(TRIM(Form_Raw_Data!D9))) -> ADAMS | E9: =IF(A9="","",TRIM(Form_Raw_Data!E9)) -> Safety | F9: =IF(A9="","",IF(Form_Raw_Data!F9="","",Form_Raw_Data!F9&"")) -> 6 | G9: =IF(A9="","",IF(ISNUMBER(Form_Raw_Data!F9),IF(AND(Form_Raw_Data!F9>=0,Form_Raw_Data!F9<=24),Form_Raw_Data!F9,""),"")) -> 6 | H9: =IF(A9="","",TRIM(Form_Raw_Data!G9)) -> Zone A | I9: =IF(A9="","",IF(OR(C9="",D9="",E9="",H9="",G9=""),"ERROR","OK")) -> ERROR | J9: =IF(A9="","",IF(COUNTIF(Lists!$A$4:$A$53,C9)>0,"YES","NO")) -> YES | K9: =IF(A9="","",IF(COUNTIF(Lists!$I$4:$I$53,D9)>0,"YES","NO")) -> YES
A10: =IF(Form_Raw_Data!A10="","",Form_Raw_Data!A10) -> TT007 | B10: =IF(A10="","",Form_Raw_Data!B10) -> 46084 | C10: =IF(A10="","",UPPER(TRIM(Form_Raw_Data!C10))) -> CHRIS | D10: =IF(A10="","",UPPER(TRIM(Form_Raw_Data!D10))) -> ADAMS | E10: =IF(A10="","",TRIM(Form_Raw_Data!E10)) | F10: =IF(A10="","",IF(Form_Raw_Data!F10="","",Form_Raw_Data!F10&"")) -> 8 | G10: =IF(A10="","",IF(ISNUMBER(Form_Raw_Data!F10),IF(AND(Form_Raw_Data!F10>=0,Form_Raw_Data!F10<=24),Form_Raw_Data!F10,""),"")) -> 8 | H10: =IF(A10="","",TRIM(Form_Raw_Data!G10)) -> Zone B | I10: =IF(A10="","",IF(OR(C10="",D10="",E10="",H10="",G10=""),"ERROR","OK")) -> ERROR | J10: =IF(A10="","",IF(COUNTIF(Lists!$A$4:$A$53,C10)>0,"YES","NO")) -> YES | K10: =IF(A10="","",IF(COUNTIF(Lists!$I$4:$I$53,D10)>0,"YES","NO")) -> YES
A11: =IF(Form_Raw_Data!A11="","",Form_Raw_Data!A11) -> TT008 | B11: =IF(A11="","",Form_Raw_Data!B11) -> 46084 | C11: =IF(A11="","",UPPER(TRIM(Form_Raw_Data!C11))) -> CHRIS | D11: =IF(A11="","",UPPER(TRIM(Form_Raw_Data!D11))) -> ADAMS | E11: =IF(A11="","",TRIM(Form_Raw_Data!E11)) -> Repair | F11: =IF(A11="","",IF(Form_Raw_Data!F11="","",Form_Raw_Data!F11&"")) -> eight | G11: =IF(A11="","",IF(ISNUMBER(Form_Raw_Data!F11),IF(AND(Form_Raw_Data!F11>=0,Form_Raw_Data!F11<=24),Form_Raw_Data!F11,""),"")) | H11: =IF(A11="","",TRIM(Form_Raw_Data!G11)) -> Zone B | I11: =IF(A11="","",IF(OR(C11="",D11="",E11="",H11="",G11=""),"ERROR","OK")) -> ERROR | J11: =IF(A11="","",IF(COUNTIF(Lists!$A$4:$A$53,C11)>0,"YES","NO")) -> YES | K11: =IF(A11="","",IF(COUNTIF(Lists!$I$4:$I$53,D11)>0,"YES","NO")) -> YES
A12: =IF(Form_Raw_Data!A12="","",Form_Raw_Data!A12) -> TT009 | B12: =IF(A12="","",Form_Raw_Data!B12) -> 46085 | C12: =IF(A12="","",UPPER(TRIM(Form_Raw_Data!C12))) -> TONY | D12: =IF(A12="","",UPPER(TRIM(Form_Raw_Data!D12))) -> BLAKE | E12: =IF(A12="","",TRIM(Form_Raw_Data!E12)) -> Trouble Ticket | F12: =IF(A12="","",IF(Form_Raw_Data!F12="","",Form_Raw_Data!F12&"")) -> 7 | G12: =IF(A12="","",IF(ISNUMBER(Form_Raw_Data!F12),IF(AND(Form_Raw_Data!F12>=0,Form_Raw_Data!F12<=24),Form_Raw_Data!F12,""),"")) -> 7 | H12: =IF(A12="","",TRIM(Form_Raw_Data!G12)) -> Zone C | I12: =IF(A12="","",IF(OR(C12="",D12="",E12="",H12="",G12=""),"ERROR","OK")) -> OK | J12: =IF(A12="","",IF(COUNTIF(Lists!$A$4:$A$53,C12)>0,"YES","NO")) -> NO | K12: =IF(A12="","",IF(COUNTIF(Lists!$I$4:$I$53,D12)>0,"YES","NO")) -> YES
A13: =IF(Form_Raw_Data!A13="","",Form_Raw_Data!A13) -> TT010 | B13: =IF(A13="","",Form_Raw_Data!B13) -> 46085 | C13: =IF(A13="","",UPPER(TRIM(Form_Raw_Data!C13))) -> ANNA | D13: =IF(A13="","",UPPER(TRIM(Form_Raw_Data!D13))) | E13: =IF(A13="","",TRIM(Form_Raw_Data!E13)) -> Install | F13: =IF(A13="","",IF(Form_Raw_Data!F13="","",Form_Raw_Data!F13&"")) -> 9 | G13: =IF(A13="","",IF(ISNUMBER(Form_Raw_Data!F13),IF(AND(Form_Raw_Data!F13>=0,Form_Raw_Data!F13<=24),Form_Raw_Data!F13,""),"")) -> 9 | H13: =IF(A13="","",TRIM(Form_Raw_Data!G13)) -> Zone D | I13: =IF(A13="","",IF(OR(C13="",D13="",E13="",H13="",G13=""),"ERROR","OK")) -> ERROR | J13: =IF(A13="","",IF(COUNTIF(Lists!$A$4:$A$53,C13)>0,"YES","NO")) -> YES | K13: =IF(A13="","",IF(COUNTIF(Lists!$I$4:$I$53,D13)>0,"YES","NO")) -> YES
A14: =IF(Form_Raw_Data!A14="","",Form_Raw_Data!A14) | B14: =IF(A14="","",Form_Raw_Data!B14) | C14: =IF(A14="","",UPPER(TRIM(Form_Raw_Data!C14))) | D14: =IF(A14="","",UPPER(TRIM(Form_Raw_Data!D14))) | E14: =IF(A14="","",TRIM(Form_Raw_Data!E14)) | F14: =IF(A14="","",IF(Form_Raw_Data!F14="","",Form_Raw_Data!F14&"")) | G14: =IF(A14="","",IF(ISNUMBER(Form_Raw_Data!F14),IF(AND(Form_Raw_Data!F14>=0,Form_Raw_Data!F14<=24),Form_Raw_Data!F14,""),"")) | H14: =IF(A14="","",TRIM(Form_Raw_Data!G14)) | I14: =IF(A14="","",IF(OR(C14="",D14="",E14="",H14="",G14=""),"ERROR","OK")) | J14: =IF(A14="","",IF(COUNTIF(Lists!$A$4:$A$53,C14)>0,"YES","NO")) | K14: =IF(A14="","",IF(COUNTIF(Lists!$I$4:$I$53,D14)>0,"YES","NO"))
A15: =IF(Form_Raw_Data!A15="","",Form_Raw_Data!A15) | B15: =IF(A15="","",Form_Raw_Data!B15) | C15: =IF(A15="","",UPPER(TRIM(Form_Raw_Data!C15))) | D15: =IF(A15="","",UPPER(TRIM(Form_Raw_Data!D15))) | E15: =IF(A15="","",TRIM(Form_Raw_Data!E15)) | F15: =IF(A15="","",IF(Form_Raw_Data!F15="","",Form_Raw_Data!F15&"")) | G15: =IF(A15="","",IF(ISNUMBER(Form_Raw_Data!F15),IF(AND(Form_Raw_Data!F15>=0,Form_Raw_Data!F15<=24),Form_Raw_Data!F15,""),"")) | H15: =IF(A15="","",TRIM(Form_Raw_Data!G15)) | I15: =IF(A15="","",IF(OR(C15="",D15="",E15="",H15="",G15=""),"ERROR","OK")) | J15: =IF(A15="","",IF(COUNTIF(Lists!$A$4:$A$53,C15)>0,"YES","NO")) | K15: =IF(A15="","",IF(COUNTIF(Lists!$I$4:$I$53,D15)>0,"YES","NO"))
... A501: =IF(Form_Raw_Data!A501="","",Form_Raw_Data!A501) | B501: =IF(A501="","",Form_Raw_Data!B501) | C501: =IF(A501="","",UPPER(TRIM(Form_Raw_Data!C501))) | D501: =IF(A501="","",UPPER(TRIM(Form_Raw_Data!D501))) | E501: =IF(A501="","",TRIM(Form_Raw_Data!E501)) | F501: =IF(A501="","",IF(Form_Raw_Data!F501="","",Form_Raw_Data!F501&"")) | G501: =IF(A501="","",IF(ISNUMBER(Form_Raw_Data!F501),IF(AND(Form_Raw_Data!F501>=0,Form_Raw_Data!F501<=24),Form_Raw_Data!F501,""),"")) | H501: =IF(A501="","",TRIM(Form_Raw_Data!G501)) | I501: =IF(A501="","",IF(OR(C501="",D501="",E501="",H501="",G501=""),"ERROR","OK")) | J501: =IF(A501="","",IF(COUNTIF(Lists!$A$4:$A$53,C501)>0,"YES","NO")) | K501: =IF(A501="","",IF(COUNTIF(Lists!$I$4:$I$53,D501)>0,"YES","NO"))

Sheet Validation_Checks
A1: Validation Checks (auto-updating)
A3: Ticket_ID | B3: Missing_Name | C3: Unknown_Name | D3: Missing_Job | E3: Invalid_Hours | F3: Outlier_Hours | G3: Missing_Area | H3: Missing_Foreman | I3: Overall_Status | J3: Revenue_Risk | K3: Primary_Issue
A4: =Clean_Data!A4 -> TT001 | B4: =IF(A4="","",IF(Clean_Data!C4="","FAIL","PASS")) -> PASS | C4: =IF(A4="","",IF(AND(Clean_Data!C4<>"",Clean_Data!J4="NO"),"FAIL","PASS")) -> PASS | D4: =IF(A4="","",IF(Clean_Data!E4="","FAIL","PASS")) -> PASS | E4: =IF(A4="","",IF(Clean_Data!G4="","FAIL","PASS")) -> PASS | F4: =IF(A4="","",IF(Clean_Data!G4="","OK",IF(Clean_Data!G4>16,"FLAG","OK"))) -> OK | G4: =IF(A4="","",IF(Clean_Data!H4="","FAIL","PASS")) -> PASS | H4: =IF(A4="","",IF(OR(Clean_Data!D4="",Clean_Data!K4="NO"),"FAIL","PASS")) -> PASS | I4: =IF(A4="","",IF(COUNTIF(B4:H4,"FAIL")>0,"ERROR",IF(COUNTIF(B4:H4,"FLAG")>0,"REVIEW","OK"))) -> OK | J4: =IF(A4="","",IF(B4="FAIL",300,0)+IF(C4="FAIL",350,0)+IF(D4="FAIL",250,0)+IF(E4="FAIL",400,0)+IF(F4="FLAG",150,0)+IF(G4="FAIL",200,0)+IF(H4="FAIL",200,0)) -> 0 | K4: =IF(A4="","",IF(B4="FAIL","Missing name",IF(C4="FAIL","Unknown lineman",IF(D4="FAIL","Missing job",IF(E4="FAIL","Invalid hours",IF(F4="FLAG","Hours outlier",IF(G4="FAIL","Missing area",IF(H4="FAIL","Missing foreman","OK")))))))) -> OK
A5: =Clean_Data!A5 -> TT002 | B5: =IF(A5="","",IF(Clean_Data!C5="","FAIL","PASS")) -> PASS | C5: =IF(A5="","",IF(AND(Clean_Data!C5<>"",Clean_Data!J5="NO"),"FAIL","PASS")) -> PASS | D5: =IF(A5="","",IF(Clean_Data!E5="","FAIL","PASS")) -> PASS | E5: =IF(A5="","",IF(Clean_Data!G5="","FAIL","PASS")) -> PASS | F5: =IF(A5="","",IF(Clean_Data!G5="","OK",IF(Clean_Data!G5>16,"FLAG","OK"))) -> OK | G5: =IF(A5="","",IF(Clean_Data!H5="","FAIL","PASS")) -> PASS | H5: =IF(A5="","",IF(OR(Clean_Data!D5="",Clean_Data!K5="NO"),"FAIL","PASS")) -> PASS | I5: =IF(A5="","",IF(COUNTIF(B5:H5,"FAIL")>0,"ERROR",IF(COUNTIF(B5:H5,"FLAG")>0,"REVIEW","OK"))) -> OK | J5: =IF(A5="","",IF(B5="FAIL",300,0)+IF(C5="FAIL",350,0)+IF(D5="FAIL",250,0)+IF(E5="FAIL",400,0)+IF(F5="FLAG",150,0)+IF(G5="FAIL",200,0)+IF(H5="FAIL",200,0)) -> 0 | K5: =IF(A5="","",IF(B5="FAIL","Missing name",IF(C5="FAIL","Unknown lineman",IF(D5="FAIL","Missing job",IF(E5="FAIL","Invalid hours",IF(F5="FLAG","Hours outlier",IF(G5="FAIL","Missing area",IF(H5="FAIL","Missing foreman","OK")))))))) -> OK
A6: =Clean_Data!A6 -> TT003 | B6: =IF(A6="","",IF(Clean_Data!C6="","FAIL","PASS")) -> PASS | C6: =IF(A6="","",IF(AND(Clean_Data!C6<>"",Clean_Data!J6="NO"),"FAIL","PASS")) -> PASS | D6: =IF(A6="","",IF(Clean_Data!E6="","FAIL","PASS")) -> PASS | E6: =IF(A6="","",IF(Clean_Data!G6="","FAIL","PASS")) -> PASS | F6: =IF(A6="","",IF(Clean_Data!G6="","OK",IF(Clean_Data!G6>16,"FLAG","OK"))) -> OK | G6: =IF(A6="","",IF(Clean_Data!H6="","FAIL","PASS")) -> PASS | H6: =IF(A6="","",IF(OR(Clean_Data!D6="",Clean_Data!K6="NO"),"FAIL","PASS")) -> PASS | I6: =IF(A6="","",IF(COUNTIF(B6:H6,"FAIL")>0,"ERROR",IF(COUNTIF(B6:H6,"FLAG")>0,"REVIEW","OK"))) -> OK | J6: =IF(A6="","",IF(B6="FAIL",300,0)+IF(C6="FAIL",350,0)+IF(D6="FAIL",250,0)+IF(E6="FAIL",400,0)+IF(F6="FLAG",150,0)+IF(G6="FAIL",200,0)+IF(H6="FAIL",200,0)) -> 0 | K6: =IF(A6="","",IF(B6="FAIL","Missing name",IF(C6="FAIL","Unknown lineman",IF(D6="FAIL","Missing job",IF(E6="FAIL","Invalid hours",IF(F6="FLAG","Hours outlier",IF(G6="FAIL","Missing area",IF(H6="FAIL","Missing foreman","OK")))))))) -> OK
A7: =Clean_Data!A7 -> TT004 | B7: =IF(A7="","",IF(Clean_Data!C7="","FAIL","PASS")) -> PASS | C7: =IF(A7="","",IF(AND(Clean_Data!C7<>"",Clean_Data!J7="NO"),"FAIL","PASS")) -> PASS | D7: =IF(A7="","",IF(Clean_Data!E7="","FAIL","PASS")) -> PASS | E7: =IF(A7="","",IF(Clean_Data!G7="","FAIL","PASS")) -> FAIL | F7: =IF(A7="","",IF(Clean_Data!G7="","OK",IF(Clean_Data!G7>16,"FLAG","OK"))) -> OK | G7: =IF(A7="","",IF(Clean_Data!H7="","FAIL","PASS")) -> PASS | H7: =IF(A7="","",IF(OR(Clean_Data!D7="",Clean_Data!K7="NO"),"FAIL","PASS")) -> PASS | I7: =IF(A7="","",IF(COUNTIF(B7:H7,"FAIL")>0,"ERROR",IF(COUNTIF(B7:H7,"FLAG")>0,"REVIEW","OK"))) -> ERROR | J7: =IF(A7="","",IF(B7="FAIL",300,0)+IF(C7="FAIL",350,0)+IF(D7="FAIL",250,0)+IF(E7="FAIL",400,0)+IF(F7="FLAG",150,0)+IF(G7="FAIL",200,0)+IF(H7="FAIL",200,0)) -> 400 | K7: =IF(A7="","",IF(B7="FAIL","Missing name",IF(C7="FAIL","Unknown lineman",IF(D7="FAIL","Missing job",IF(E7="FAIL","Invalid hours",IF(F7="FLAG","Hours outlier",IF(G7="FAIL","Missing area",IF(H7="FAIL","Missing foreman","OK")))))))) -> Invalid hours
A8: =Clean_Data!A8 -> TT005 | B8: =IF(A8="","",IF(Clean_Data!C8="","FAIL","PASS")) -> PASS | C8: =IF(A8="","",IF(AND(Clean_Data!C8<>"",Clean_Data!J8="NO"),"FAIL","PASS")) -> PASS | D8: =IF(A8="","",IF(Clean_Data!E8="","FAIL","PASS")) -> PASS | E8: =IF(A8="","",IF(Clean_Data!G8="","FAIL","PASS")) -> FAIL | F8: =IF(A8="","",IF(Clean_Data!G8="","OK",IF(Clean_Data!G8>16,"FLAG","OK"))) -> OK | G8: =IF(A8="","",IF(Clean_Data!H8="","FAIL","PASS")) -> PASS | H8: =IF(A8="","",IF(OR(Clean_Data!D8="",Clean_Data!K8="NO"),"FAIL","PASS")) -> PASS | I8: =IF(A8="","",IF(COUNTIF(B8:H8,"FAIL")>0,"ERROR",IF(COUNTIF(B8:H8,"FLAG")>0,"REVIEW","OK"))) -> ERROR | J8: =IF(A8="","",IF(B8="FAIL",300,0)+IF(C8="FAIL",350,0)+IF(D8="FAIL",250,0)+IF(E8="FAIL",400,0)+IF(F8="FLAG",150,0)+IF(G8="FAIL",200,0)+IF(H8="FAIL",200,0)) -> 400 | K8: =IF(A8="","",IF(B8="FAIL","Missing name",IF(C8="FAIL","Unknown lineman",IF(D8="FAIL","Missing job",IF(E8="FAIL","Invalid hours",IF(F8="FLAG","Hours outlier",IF(G8="FAIL","Missing area",IF(H8="FAIL","Missing foreman","OK")))))))) -> Invalid hours
A9: =Clean_Data!A9 -> TT006 | B9: =IF(A9="","",IF(Clean_Data!C9="","FAIL","PASS")) -> FAIL | C9: =IF(A9="","",IF(AND(Clean_Data!C9<>"",Clean_Data!J9="NO"),"FAIL","PASS")) -> PASS | D9: =IF(A9="","",IF(Clean_Data!E9="","FAIL","PASS")) -> PASS | E9: =IF(A9="","",IF(Clean_Data!G9="","FAIL","PASS")) -> PASS | F9: =IF(A9="","",IF(Clean_Data!G9="","OK",IF(Clean_Data!G9>16,"FLAG","OK"))) -> OK | G9: =IF(A9="","",IF(Clean_Data!H9="","FAIL","PASS")) -> PASS | H9: =IF(A9="","",IF(OR(Clean_Data!D9="",Clean_Data!K9="NO"),"FAIL","PASS")) -> PASS | I9: =IF(A9="","",IF(COUNTIF(B9:H9,"FAIL")>0,"ERROR",IF(COUNTIF(B9:H9,"FLAG")>0,"REVIEW","OK"))) -> ERROR | J9: =IF(A9="","",IF(B9="FAIL",300,0)+IF(C9="FAIL",350,0)+IF(D9="FAIL",250,0)+IF(E9="FAIL",400,0)+IF(F9="FLAG",150,0)+IF(G9="FAIL",200,0)+IF(H9="FAIL",200,0)) -> 300 | K9: =IF(A9="","",IF(B9="FAIL","Missing name",IF(C9="FAIL","Unknown lineman",IF(D9="FAIL","Missing job",IF(E9="FAIL","Invalid hours",IF(F9="FLAG","Hours outlier",IF(G9="FAIL","Missing area",IF(H9="FAIL","Missing foreman","OK")))))))) -> Missing name
A10: =Clean_Data!A10 -> TT007 | B10: =IF(A10="","",IF(Clean_Data!C10="","FAIL","PASS")) -> PASS | C10: =IF(A10="","",IF(AND(Clean_Data!C10<>"",Clean_Data!J10="NO"),"FAIL","PASS")) -> PASS | D10: =IF(A10="","",IF(Clean_Data!E10="","FAIL","PASS")) -> FAIL | E10: =IF(A10="","",IF(Clean_Data!G10="","FAIL","PASS")) -> PASS | F10: =IF(A10="","",IF(Clean_Data!G10="","OK",IF(Clean_Data!G10>16,"FLAG","OK"))) -> OK | G10: =IF(A10="","",IF(Clean_Data!H10="","FAIL","PASS")) -> PASS | H10: =IF(A10="","",IF(OR(Clean_Data!D10="",Clean_Data!K10="NO"),"FAIL","PASS")) -> PASS | I10: =IF(A10="","",IF(COUNTIF(B10:H10,"FAIL")>0,"ERROR",IF(COUNTIF(B10:H10,"FLAG")>0,"REVIEW","OK"))) -> ERROR | J10: =IF(A10="","",IF(B10="FAIL",300,0)+IF(C10="FAIL",350,0)+IF(D10="FAIL",250,0)+IF(E10="FAIL",400,0)+IF(F10="FLAG",150,0)+IF(G10="FAIL",200,0)+IF(H10="FAIL",200,0)) -> 250 | K10: =IF(A10="","",IF(B10="FAIL","Missing name",IF(C10="FAIL","Unknown lineman",IF(D10="FAIL","Missing job",IF(E10="FAIL","Invalid hours",IF(F10="FLAG","Hours outlier",IF(G10="FAIL","Missing area",IF(H10="FAIL","Missing foreman","OK")))))))) -> Missing job
A11: =Clean_Data!A11 -> TT008 | B11: =IF(A11="","",IF(Clean_Data!C11="","FAIL","PASS")) -> PASS | C11: =IF(A11="","",IF(AND(Clean_Data!C11<>"",Clean_Data!J11="NO"),"FAIL","PASS")) -> PASS | D11: =IF(A11="","",IF(Clean_Data!E11="","FAIL","PASS")) -> PASS | E11: =IF(A11="","",IF(Clean_Data!G11="","FAIL","PASS")) -> FAIL | F11: =IF(A11="","",IF(Clean_Data!G11="","OK",IF(Clean_Data!G11>16,"FLAG","OK"))) -> OK | G11: =IF(A11="","",IF(Clean_Data!H11="","FAIL","PASS")) -> PASS | H11: =IF(A11="","",IF(OR(Clean_Data!D11="",Clean_Data!K11="NO"),"FAIL","PASS")) -> PASS | I11: =IF(A11="","",IF(COUNTIF(B11:H11,"FAIL")>0,"ERROR",IF(COUNTIF(B11:H11,"FLAG")>0,"REVIEW","OK"))) -> ERROR | J11: =IF(A11="","",IF(B11="FAIL",300,0)+IF(C11="FAIL",350,0)+IF(D11="FAIL",250,0)+IF(E11="FAIL",400,0)+IF(F11="FLAG",150,0)+IF(G11="FAIL",200,0)+IF(H11="FAIL",200,0)) -> 400 | K11: =IF(A11="","",IF(B11="FAIL","Missing name",IF(C11="FAIL","Unknown lineman",IF(D11="FAIL","Missing job",IF(E11="FAIL","Invalid hours",IF(F11="FLAG","Hours outlier",IF(G11="FAIL","Missing area",IF(H11="FAIL","Missing foreman","OK")))))))) -> Invalid hours
A12: =Clean_Data!A12 -> TT009 | B12: =IF(A12="","",IF(Clean_Data!C12="","FAIL","PASS")) -> PASS | C12: =IF(A12="","",IF(AND(Clean_Data!C12<>"",Clean_Data!J12="NO"),"FAIL","PASS")) -> FAIL | D12: =IF(A12="","",IF(Clean_Data!E12="","FAIL","PASS")) -> PASS | E12: =IF(A12="","",IF(Clean_Data!G12="","FAIL","PASS")) -> PASS | F12: =IF(A12="","",IF(Clean_Data!G12="","OK",IF(Clean_Data!G12>16,"FLAG","OK"))) -> OK | G12: =IF(A12="","",IF(Clean_Data!H12="","FAIL","PASS")) -> PASS | H12: =IF(A12="","",IF(OR(Clean_Data!D12="",Clean_Data!K12="NO"),"FAIL","PASS")) -> PASS | I12: =IF(A12="","",IF(COUNTIF(B12:H12,"FAIL")>0,"ERROR",IF(COUNTIF(B12:H12,"FLAG")>0,"REVIEW","OK"))) -> ERROR | J12: =IF(A12="","",IF(B12="FAIL",300,0)+IF(C12="FAIL",350,0)+IF(D12="FAIL",250,0)+IF(E12="FAIL",400,0)+IF(F12="FLAG",150,0)+IF(G12="FAIL",200,0)+IF(H12="FAIL",200,0)) -> 350 | K12: =IF(A12="","",IF(B12="FAIL","Missing name",IF(C12="FAIL","Unknown lineman",IF(D12="FAIL","Missing job",IF(E12="FAIL","Invalid hours",IF(F12="FLAG","Hours outlier",IF(G12="FAIL","Missing area",IF(H12="FAIL","Missing foreman","OK")))))))) -> Unknown lineman
A13: =Clean_Data!A13 -> TT010 | B13: =IF(A13="","",IF(Clean_Data!C13="","FAIL","PASS")) -> PASS | C13: =IF(A13="","",IF(AND(Clean_Data!C13<>"",Clean_Data!J13="NO"),"FAIL","PASS")) -> PASS | D13: =IF(A13="","",IF(Clean_Data!E13="","FAIL","PASS")) -> PASS | E13: =IF(A13="","",IF(Clean_Data!G13="","FAIL","PASS")) -> PASS | F13: =IF(A13="","",IF(Clean_Data!G13="","OK",IF(Clean_Data!G13>16,"FLAG","OK"))) -> OK | G13: =IF(A13="","",IF(Clean_Data!H13="","FAIL","PASS")) -> PASS | H13: =IF(A13="","",IF(OR(Clean_Data!D13="",Clean_Data!K13="NO"),"FAIL","PASS")) -> FAIL | I13: =IF(A13="","",IF(COUNTIF(B13:H13,"FAIL")>0,"ERROR",IF(COUNTIF(B13:H13,"FLAG")>0,"REVIEW","OK"))) -> ERROR | J13: =IF(A13="","",IF(B13="FAIL",300,0)+IF(C13="FAIL",350,0)+IF(D13="FAIL",250,0)+IF(E13="FAIL",400,0)+IF(F13="FLAG",150,0)+IF(G13="FAIL",200,0)+IF(H13="FAIL",200,0)) -> 200 | K13: =IF(A13="","",IF(B13="FAIL","Missing name",IF(C13="FAIL","Unknown lineman",IF(D13="FAIL","Missing job",IF(E13="FAIL","Invalid hours",IF(F13="FLAG","Hours outlier",IF(G13="FAIL","Missing area",IF(H13="FAIL","Missing foreman","OK")))))))) -> Missing foreman
A14: =Clean_Data!A14 | B14: =IF(A14="","",IF(Clean_Data!C14="","FAIL","PASS")) | C14: =IF(A14="","",IF(AND(Clean_Data!C14<>"",Clean_Data!J14="NO"),"FAIL","PASS")) | D14: =IF(A14="","",IF(Clean_Data!E14="","FAIL","PASS")) | E14: =IF(A14="","",IF(Clean_Data!G14="","FAIL","PASS")) | F14: =IF(A14="","",IF(Clean_Data!G14="","OK",IF(Clean_Data!G14>16,"FLAG","OK"))) | G14: =IF(A14="","",IF(Clean_Data!H14="","FAIL","PASS")) | H14: =IF(A14="","",IF(OR(Clean_Data!D14="",Clean_Data!K14="NO"),"FAIL","PASS")) | I14: =IF(A14="","",IF(COUNTIF(B14:H14,"FAIL")>0,"ERROR",IF(COUNTIF(B14:H14,"FLAG")>0,"REVIEW","OK"))) | J14: =IF(A14="","",IF(B14="FAIL",300,0)+IF(C14="FAIL",350,0)+IF(D14="FAIL",250,0)+IF(E14="FAIL",400,0)+IF(F14="FLAG",150,0)+IF(G14="FAIL",200,0)+IF(H14="FAIL",200,0)) | K14: =IF(A14="","",IF(B14="FAIL","Missing name",IF(C14="FAIL","Unknown lineman",IF(D14="FAIL","Missing job",IF(E14="FAIL","Invalid hours",IF(F14="FLAG","Hours outlier",IF(G14="FAIL","Missing area",IF(H14="FAIL","Missing foreman","OK"))))))))
A15: =Clean_Data!A15 | B15: =IF(A15="","",IF(Clean_Data!C15="","FAIL","PASS")) | C15: =IF(A15="","",IF(AND(Clean_Data!C15<>"",Clean_Data!J15="NO"),"FAIL","PASS")) | D15: =IF(A15="","",IF(Clean_Data!E15="","FAIL","PASS")) | E15: =IF(A15="","",IF(Clean_Data!G15="","FAIL","PASS")) | F15: =IF(A15="","",IF(Clean_Data!G15="","OK",IF(Clean_Data!G15>16,"FLAG","OK"))) | G15: =IF(A15="","",IF(Clean_Data!H15="","FAIL","PASS")) | H15: =IF(A15="","",IF(OR(Clean_Data!D15="",Clean_Data!K15="NO"),"FAIL","PASS")) | I15: =IF(A15="","",IF(COUNTIF(B15:H15,"FAIL")>0,"ERROR",IF(COUNTIF(B15:H15,"FLAG")>0,"REVIEW","OK"))) | J15: =IF(A15="","",IF(B15="FAIL",300,0)+IF(C15="FAIL",350,0)+IF(D15="FAIL",250,0)+IF(E15="FAIL",400,0)+IF(F15="FLAG",150,0)+IF(G15="FAIL",200,0)+IF(H15="FAIL",200,0)) | K15: =IF(A15="","",IF(B15="FAIL","Missing name",IF(C15="FAIL","Unknown lineman",IF(D15="FAIL","Missing job",IF(E15="FAIL","Invalid hours",IF(F15="FLAG","Hours outlier",IF(G15="FAIL","Missing area",IF(H15="FAIL","Missing foreman","OK"))))))))
... A501: =Clean_Data!A501 | B501: =IF(A501="","",IF(Clean_Data!C501="","FAIL","PASS")) | C501: =IF(A501="","",IF(AND(Clean_Data!C501<>"",Clean_Data!J501="NO"),"FAIL","PASS")) | D501: =IF(A501="","",IF(Clean_Data!E501="","FAIL","PASS")) | E501: =IF(A501="","",IF(Clean_Data!G501="","FAIL","PASS")) | F501: =IF(A501="","",IF(Clean_Data!G501="","OK",IF(Clean_Data!G501>16,"FLAG","OK"))) | G501: =IF(A501="","",IF(Clean_Data!H501="","FAIL","PASS")) | H501: =IF(A501="","",IF(OR(Clean_Data!D501="",Clean_Data!K501="NO"),"FAIL","PASS")) | I501: =IF(A501="","",IF(COUNTIF(B501:H501,"FAIL")>0,"ERROR",IF(COUNTIF(B501:H501,"FLAG")>0,"REVIEW","OK"))) | J501: =IF(A501="","",IF(B501="FAIL",300,0)+IF(C501="FAIL",350,0)+IF(D501="FAIL",250,0)+IF(E501="FAIL",400,0)+IF(F501="FLAG",150,0)+IF(G501="FAIL",200,0)+IF(H501="FAIL",200,0)) | K501: =IF(A501="","",IF(B501="FAIL","Missing name",IF(C501="FAIL","Unknown lineman",IF(D501="FAIL","Missing job",IF(E501="FAIL","Invalid hours",IF(F501="FLAG","Hours outlier",IF(G501="FAIL","Missing area",IF(H501="FAIL","Missing foreman","OK"))))))))

Sheet Dashboard
A1: Trouble Ticket Validation Dashboard
A3: Total Tickets | C3: Error Tickets | E3: Review Tickets | G3: % Valid | I3: Revenue Risk
B4: =COUNTA(Form_Raw_Data!A4:A501) -> 10 | D4: =COUNTIF(Validation_Checks!I4:I501,"ERROR") -> 7 | F4: =COUNTIF(Validation_Checks!I4:I501,"REVIEW") -> 0 | H4: =IF(B4=0,0,1-((D4+F4)/B4)) -> 0.3 | J4: =SUM(Validation_Checks!J4:J501) -> 2300
A8: Error Type | B8: Count
A9: Missing Name | B9: =COUNTIF(Validation_Checks!B4:B501,"FAIL") -> 1
A10: Unknown Lineman | B10: =COUNTIF(Validation_Checks!C4:C501,"FAIL") -> 1
A11: Missing Job | B11: =COUNTIF(Validation_Checks!D4:D501,"FAIL") -> 1
A12: Invalid Hours | B12: =COUNTIF(Validation_Checks!E4:E501,"FAIL") -> 3
A13: Outlier Hours | B13: =COUNTIF(Validation_Checks!F4:F501,"FLAG") -> 0
A14: Missing Area | B14: =COUNTIF(Validation_Checks!G4:G501,"FAIL") -> 0
A15: Missing Foreman | B15: =COUNTIF(Validation_Checks!H4:H501,"FAIL") -> 1
A18: Area | B18: Revenue Risk | D18: Foreman | E18: Revenue Risk | G18: Most common issue | H18: Count
A19: =Lists!G4 -> Zone A | B19: =IF(A19="","",SUMIFS(Validation_Checks!$J$4:$J$501,Clean_Data!$H$4:$H$501,A19)) -> 300 | D19: =Lists!I4 -> ADAMS | E19: =IF(D19="","",SUMIFS(Validation_Checks!$J$4:$J$501,Clean_Data!$D$4:$D$501,D19)) -> 1350 | G19: =A9 -> Missing Name | H19: =B9 -> 1
A20: =Lists!G5 -> Zone B | B20: =IF(A20="","",SUMIFS(Validation_Checks!$J$4:$J$501,Clean_Data!$H$4:$H$501,A20)) -> 1050 | D20: =Lists!I5 -> RIVERA | E20: =IF(D20="","",SUMIFS(Validation_Checks!$J$4:$J$501,Clean_Data!$D$4:$D$501,D20)) -> 400 | G20: =A10 -> Unknown Lineman | H20: =B10 -> 1
A21: =Lists!G6 -> Zone C | B21: =IF(A21="","",SUMIFS(Validation_Checks!$J$4:$J$501,Clean_Data!$H$4:$H$501,A21)) -> 750 | D21: =Lists!I6 -> BLAKE | E21: =IF(D21="","",SUMIFS(Validation_Checks!$J$4:$J$501,Clean_Data!$D$4:$D$501,D21)) -> 350 | G21: =A11 -> Missing Job | H21: =B11 -> 1
A22: =Lists!G7 -> Zone D | B22: =IF(A22="","",SUMIFS(Validation_Checks!$J$4:$J$501,Clean_Data!$H$4:$H$501,A22)) -> 200 | D22: =Lists!I7 -> NGUYEN | E22: =IF(D22="","",SUMIFS(Validation_Checks!$J$4:$J$501,Clean_Data!$D$4:$D$501,D22)) -> 0 | G22: =A12 -> Invalid Hours | H22: =B12 -> 3
A23: =Lists!G8 -> Underground | B23: =IF(A23="","",SUMIFS(Validation_Checks!$J$4:$J$501,Clean_Data!$H$4:$H$501,A23)) -> 0 | G23: =A13 -> Outlier Hours | H23: =B13 -> 0
A24: =Lists!G9 -> Overhead | B24: =IF(A24="","",SUMIFS(Validation_Checks!$J$4:$J$501,Clean_Data!$H$4:$H$501,A24)) -> 0 | G24: =A14 -> Missing Area | H24: =B14 -> 0
G25: =A15 -> Missing Foreman | H25: =B15 -> 1
